{
    "version": "1.4.0",
    "project": {
        "name": "analyze-build-build",
        "directory": "/mnt/c/Users/FabrizioColonna/Desktop/hackaton/analyze/project/project",
        "workspaceDir": "/mnt/c/Users/FabrizioColonna/Desktop/hackaton/analyze/project/project",
        "sources": [
            "/mnt/c/Users/FabrizioColonna/Desktop/hackaton/analyze/project/project/src/main/scala",
            "/mnt/c/Users/FabrizioColonna/Desktop/hackaton/analyze/project/project/src/main/scala-2.12",
            "/mnt/c/Users/FabrizioColonna/Desktop/hackaton/analyze/project/project/src/main/scala-2",
            "/mnt/c/Users/FabrizioColonna/Desktop/hackaton/analyze/project/project/src/main/java",
            "/mnt/c/Users/FabrizioColonna/Desktop/hackaton/analyze/project/project/src/main/scala-sbt-1.0",
            "/mnt/c/Users/FabrizioColonna/Desktop/hackaton/analyze/project/project/target/scala-2.12/sbt-1.0/src_managed/main"
        ],
        "dependencies": [
            
        ],
        "classpath": [
            "/mnt/c/Users/FabrizioColonna/.sbt/boot/scala-2.12.12/lib/scala-library.jar",
            "/mnt/c/Users/FabrizioColonna/.cache/coursier/v1/https/repo1.maven.org/maven2/ch/epfl/scala/sbt-bloop_2.12_1.0/1.4.5-6-4768184c/sbt-bloop-1.4.5-6-4768184c.jar",
            "/mnt/c/Users/FabrizioColonna/.cache/coursier/v1/https/repo1.maven.org/maven2/net/java/dev/jna/jna/4.5.0/jna-4.5.0.jar",
            "/mnt/c/Users/FabrizioColonna/.cache/coursier/v1/https/repo1.maven.org/maven2/net/java/dev/jna/jna-platform/4.5.0/jna-platform-4.5.0.jar",
            "/mnt/c/Users/FabrizioColonna/.cache/coursier/v1/https/repo1.maven.org/maven2/com/google/code/gson/gson/2.7/gson-2.7.jar",
            "/mnt/c/Users/FabrizioColonna/.cache/coursier/v1/https/repo1.maven.org/maven2/com/google/code/findbugs/jsr305/3.0.2/jsr305-3.0.2.jar",
            "/mnt/c/Users/FabrizioColonna/.sbt/boot/scala-2.12.12/lib/scala-compiler.jar",
            "/mnt/c/Users/FabrizioColonna/.sbt/boot/scala-2.12.12/lib/scala-reflect.jar",
            "/mnt/c/Users/FabrizioColonna/.sbt/boot/scala-2.12.12/lib/scala-xml_2.12.jar",
            "/mnt/c/Users/FabrizioColonna/.sbt/boot/scala-2.12.12/org.scala-sbt/sbt/1.4.4/actions_2.12-1.4.4.jar",
            "/mnt/c/Users/FabrizioColonna/.sbt/boot/scala-2.12.12/org.scala-sbt/sbt/1.4.4/caffeine-2.8.5.jar",
            "/mnt/c/Users/FabrizioColonna/.sbt/boot/scala-2.12.12/org.scala-sbt/sbt/1.4.4/checker-qual-3.4.1.jar",
            "/mnt/c/Users/FabrizioColonna/.sbt/boot/scala-2.12.12/org.scala-sbt/sbt/1.4.4/collections_2.12-1.4.4.jar",
            "/mnt/c/Users/FabrizioColonna/.sbt/boot/scala-2.12.12/org.scala-sbt/sbt/1.4.4/command_2.12-1.4.4.jar",
            "/mnt/c/Users/FabrizioColonna/.sbt/boot/scala-2.12.12/org.scala-sbt/sbt/1.4.4/compiler-bridge_2.12-1.4.3.jar",
            "/mnt/c/Users/FabrizioColonna/.sbt/boot/scala-2.12.12/org.scala-sbt/sbt/1.4.4/compiler-interface-1.4.3.jar",
            "/mnt/c/Users/FabrizioColonna/.sbt/boot/scala-2.12.12/org.scala-sbt/sbt/1.4.4/completion_2.12-1.4.4.jar",
            "/mnt/c/Users/FabrizioColonna/.sbt/boot/scala-2.12.12/org.scala-sbt/sbt/1.4.4/config-1.3.3.jar",
            "/mnt/c/Users/FabrizioColonna/.sbt/boot/scala-2.12.12/org.scala-sbt/sbt/1.4.4/core-macros_2.12-1.4.4.jar",
            "/mnt/c/Users/FabrizioColonna/.sbt/boot/scala-2.12.12/org.scala-sbt/sbt/1.4.4/disruptor-3.4.2.jar",
            "/mnt/c/Users/FabrizioColonna/.sbt/boot/scala-2.12.12/org.scala-sbt/sbt/1.4.4/error_prone_annotations-2.4.0.jar",
            "/mnt/c/Users/FabrizioColonna/.sbt/boot/scala-2.12.12/org.scala-sbt/sbt/1.4.4/file-tree-views-2.1.4.jar",
            "/mnt/c/Users/FabrizioColonna/.sbt/boot/scala-2.12.12/org.scala-sbt/sbt/1.4.4/gigahorse-core_2.12-0.5.0.jar",
            "/mnt/c/Users/FabrizioColonna/.sbt/boot/scala-2.12.12/org.scala-sbt/sbt/1.4.4/gigahorse-okhttp_2.12-0.5.0.jar",
            "/mnt/c/Users/FabrizioColonna/.sbt/boot/scala-2.12.12/org.scala-sbt/sbt/1.4.4/io_2.12-1.4.0.jar",
            "/mnt/c/Users/FabrizioColonna/.sbt/boot/scala-2.12.12/org.scala-sbt/sbt/1.4.4/ipcsocket-1.1.0.jar",
            "/mnt/c/Users/FabrizioColonna/.sbt/boot/scala-2.12.12/org.scala-sbt/sbt/1.4.4/ivy-2.3.0-sbt-fbc4f586aeeb1591710b14eb4f41b94880dcd745.jar",
            "/mnt/c/Users/FabrizioColonna/.sbt/boot/scala-2.12.12/org.scala-sbt/sbt/1.4.4/jansi-1.18.jar",
            "/mnt/c/Users/FabrizioColonna/.sbt/boot/scala-2.12.12/org.scala-sbt/sbt/1.4.4/jline-2.14.7-sbt-5e51b9d4f9631ebfa29753ce4accc57808e7fd6b.jar",
            "/mnt/c/Users/FabrizioColonna/.sbt/boot/scala-2.12.12/org.scala-sbt/sbt/1.4.4/jline-builtins-3.16.0.jar",
            "/mnt/c/Users/FabrizioColonna/.sbt/boot/scala-2.12.12/org.scala-sbt/sbt/1.4.4/jline-reader-3.16.0.jar",
            "/mnt/c/Users/FabrizioColonna/.sbt/boot/scala-2.12.12/org.scala-sbt/sbt/1.4.4/jline-style-3.16.0.jar",
            "/mnt/c/Users/FabrizioColonna/.sbt/boot/scala-2.12.12/org.scala-sbt/sbt/1.4.4/jline-terminal-3.16.0-sbt-211a082ed6326908dc84ca017ce4430728f18a8a.jar",
            "/mnt/c/Users/FabrizioColonna/.sbt/boot/scala-2.12.12/org.scala-sbt/sbt/1.4.4/jline-terminal-3.16.0.jar",
            "/mnt/c/Users/FabrizioColonna/.sbt/boot/scala-2.12.12/org.scala-sbt/sbt/1.4.4/jline-terminal-jansi-3.16.0.jar",
            "/mnt/c/Users/FabrizioColonna/.sbt/boot/scala-2.12.12/org.scala-sbt/sbt/1.4.4/jline-terminal-jna-3.16.0.jar",
            "/mnt/c/Users/FabrizioColonna/.sbt/boot/scala-2.12.12/org.scala-sbt/sbt/1.4.4/jna-5.5.0.jar",
            "/mnt/c/Users/FabrizioColonna/.sbt/boot/scala-2.12.12/org.scala-sbt/sbt/1.4.4/jna-platform-5.5.0.jar",
            "/mnt/c/Users/FabrizioColonna/.sbt/boot/scala-2.12.12/org.scala-sbt/sbt/1.4.4/jsch-0.1.54.jar",
            "/mnt/c/Users/FabrizioColonna/.sbt/boot/scala-2.12.12/org.scala-sbt/sbt/1.4.4/launcher-interface-1.1.5.jar",
            "/mnt/c/Users/FabrizioColonna/.sbt/boot/scala-2.12.12/org.scala-sbt/sbt/1.4.4/librarymanagement-core_2.12-1.4.1.jar",
            "/mnt/c/Users/FabrizioColonna/.sbt/boot/scala-2.12.12/org.scala-sbt/sbt/1.4.4/librarymanagement-ivy_2.12-1.4.1.jar",
            "/mnt/c/Users/FabrizioColonna/.sbt/boot/scala-2.12.12/org.scala-sbt/sbt/1.4.4/lm-coursier-shaded_2.12-2.0.3.jar",
            "/mnt/c/Users/FabrizioColonna/.sbt/boot/scala-2.12.12/org.scala-sbt/sbt/1.4.4/log4j-api-2.11.2.jar",
            "/mnt/c/Users/FabrizioColonna/.sbt/boot/scala-2.12.12/org.scala-sbt/sbt/1.4.4/log4j-core-2.11.2.jar",
            "/mnt/c/Users/FabrizioColonna/.sbt/boot/scala-2.12.12/org.scala-sbt/sbt/1.4.4/log4j-slf4j-impl-2.11.2.jar",
            "/mnt/c/Users/FabrizioColonna/.sbt/boot/scala-2.12.12/org.scala-sbt/sbt/1.4.4/logic_2.12-1.4.4.jar",
            "/mnt/c/Users/FabrizioColonna/.sbt/boot/scala-2.12.12/org.scala-sbt/sbt/1.4.4/main-settings_2.12-1.4.4.jar",
            "/mnt/c/Users/FabrizioColonna/.sbt/boot/scala-2.12.12/org.scala-sbt/sbt/1.4.4/main_2.12-1.4.4.jar",
            "/mnt/c/Users/FabrizioColonna/.sbt/boot/scala-2.12.12/org.scala-sbt/sbt/1.4.4/okhttp-3.14.2.jar",
            "/mnt/c/Users/FabrizioColonna/.sbt/boot/scala-2.12.12/org.scala-sbt/sbt/1.4.4/okhttp-urlconnection-3.7.0.jar",
            "/mnt/c/Users/FabrizioColonna/.sbt/boot/scala-2.12.12/org.scala-sbt/sbt/1.4.4/okio-1.17.2.jar",
            "/mnt/c/Users/FabrizioColonna/.sbt/boot/scala-2.12.12/org.scala-sbt/sbt/1.4.4/protocol_2.12-1.4.4.jar",
            "/mnt/c/Users/FabrizioColonna/.sbt/boot/scala-2.12.12/org.scala-sbt/sbt/1.4.4/reactive-streams-1.0.2.jar",
            "/mnt/c/Users/FabrizioColonna/.sbt/boot/scala-2.12.12/org.scala-sbt/sbt/1.4.4/run_2.12-1.4.4.jar",
            "/mnt/c/Users/FabrizioColonna/.sbt/boot/scala-2.12.12/org.scala-sbt/sbt/1.4.4/sbinary_2.12-0.5.1.jar",
            "/mnt/c/Users/FabrizioColonna/.sbt/boot/scala-2.12.12/org.scala-sbt/sbt/1.4.4/sbt-1.4.4.jar",
            "/mnt/c/Users/FabrizioColonna/.sbt/boot/scala-2.12.12/org.scala-sbt/sbt/1.4.4/scala-collection-compat_2.12-2.2.0.jar",
            "/mnt/c/Users/FabrizioColonna/.sbt/boot/scala-2.12.12/org.scala-sbt/sbt/1.4.4/scala-parser-combinators_2.12-1.1.2.jar",
            "/mnt/c/Users/FabrizioColonna/.sbt/boot/scala-2.12.12/org.scala-sbt/sbt/1.4.4/scala-reflect-2.12.12.jar",
            "/mnt/c/Users/FabrizioColonna/.sbt/boot/scala-2.12.12/org.scala-sbt/sbt/1.4.4/scala-xml_2.12-1.3.0.jar",
            "/mnt/c/Users/FabrizioColonna/.sbt/boot/scala-2.12.12/org.scala-sbt/sbt/1.4.4/scripted-plugin_2.12-1.4.4.jar",
            "/mnt/c/Users/FabrizioColonna/.sbt/boot/scala-2.12.12/org.scala-sbt/sbt/1.4.4/shaded-jawn-parser_2.12-0.9.1.jar",
            "/mnt/c/Users/FabrizioColonna/.sbt/boot/scala-2.12.12/org.scala-sbt/sbt/1.4.4/shaded-scalajson_2.12-1.0.0-M4.jar",
            "/mnt/c/Users/FabrizioColonna/.sbt/boot/scala-2.12.12/org.scala-sbt/sbt/1.4.4/sjson-new-core_2.12-0.9.1.jar",
            "/mnt/c/Users/FabrizioColonna/.sbt/boot/scala-2.12.12/org.scala-sbt/sbt/1.4.4/sjson-new-murmurhash_2.12-0.9.1.jar",
            "/mnt/c/Users/FabrizioColonna/.sbt/boot/scala-2.12.12/org.scala-sbt/sbt/1.4.4/sjson-new-scalajson_2.12-0.9.1.jar",
            "/mnt/c/Users/FabrizioColonna/.sbt/boot/scala-2.12.12/org.scala-sbt/sbt/1.4.4/slf4j-api-1.7.26.jar",
            "/mnt/c/Users/FabrizioColonna/.sbt/boot/scala-2.12.12/org.scala-sbt/sbt/1.4.4/ssl-config-core_2.12-0.4.0.jar",
            "/mnt/c/Users/FabrizioColonna/.sbt/boot/scala-2.12.12/org.scala-sbt/sbt/1.4.4/task-system_2.12-1.4.4.jar",
            "/mnt/c/Users/FabrizioColonna/.sbt/boot/scala-2.12.12/org.scala-sbt/sbt/1.4.4/tasks_2.12-1.4.4.jar",
            "/mnt/c/Users/FabrizioColonna/.sbt/boot/scala-2.12.12/org.scala-sbt/sbt/1.4.4/template-resolver-0.1.jar",
            "/mnt/c/Users/FabrizioColonna/.sbt/boot/scala-2.12.12/org.scala-sbt/sbt/1.4.4/test-agent-1.4.4.jar",
            "/mnt/c/Users/FabrizioColonna/.sbt/boot/scala-2.12.12/org.scala-sbt/sbt/1.4.4/test-interface-1.0.jar",
            "/mnt/c/Users/FabrizioColonna/.sbt/boot/scala-2.12.12/org.scala-sbt/sbt/1.4.4/testing_2.12-1.4.4.jar",
            "/mnt/c/Users/FabrizioColonna/.sbt/boot/scala-2.12.12/org.scala-sbt/sbt/1.4.4/util-cache_2.12-1.4.4.jar",
            "/mnt/c/Users/FabrizioColonna/.sbt/boot/scala-2.12.12/org.scala-sbt/sbt/1.4.4/util-control_2.12-1.4.4.jar",
            "/mnt/c/Users/FabrizioColonna/.sbt/boot/scala-2.12.12/org.scala-sbt/sbt/1.4.4/util-interface-1.4.4.jar",
            "/mnt/c/Users/FabrizioColonna/.sbt/boot/scala-2.12.12/org.scala-sbt/sbt/1.4.4/util-logging_2.12-1.4.4.jar",
            "/mnt/c/Users/FabrizioColonna/.sbt/boot/scala-2.12.12/org.scala-sbt/sbt/1.4.4/util-position_2.12-1.4.4.jar",
            "/mnt/c/Users/FabrizioColonna/.sbt/boot/scala-2.12.12/org.scala-sbt/sbt/1.4.4/util-relation_2.12-1.4.4.jar",
            "/mnt/c/Users/FabrizioColonna/.sbt/boot/scala-2.12.12/org.scala-sbt/sbt/1.4.4/util-tracking_2.12-1.4.4.jar",
            "/mnt/c/Users/FabrizioColonna/.sbt/boot/scala-2.12.12/org.scala-sbt/sbt/1.4.4/zero-allocation-hashing-0.10.1.jar",
            "/mnt/c/Users/FabrizioColonna/.sbt/boot/scala-2.12.12/org.scala-sbt/sbt/1.4.4/zinc-apiinfo_2.12-1.4.3.jar",
            "/mnt/c/Users/FabrizioColonna/.sbt/boot/scala-2.12.12/org.scala-sbt/sbt/1.4.4/zinc-classfile_2.12-1.4.3.jar",
            "/mnt/c/Users/FabrizioColonna/.sbt/boot/scala-2.12.12/org.scala-sbt/sbt/1.4.4/zinc-classpath_2.12-1.4.3.jar",
            "/mnt/c/Users/FabrizioColonna/.sbt/boot/scala-2.12.12/org.scala-sbt/sbt/1.4.4/zinc-compile-core_2.12-1.4.3.jar",
            "/mnt/c/Users/FabrizioColonna/.sbt/boot/scala-2.12.12/org.scala-sbt/sbt/1.4.4/zinc-compile_2.12-1.4.3.jar",
            "/mnt/c/Users/FabrizioColonna/.sbt/boot/scala-2.12.12/org.scala-sbt/sbt/1.4.4/zinc-core_2.12-1.4.3.jar",
            "/mnt/c/Users/FabrizioColonna/.sbt/boot/scala-2.12.12/org.scala-sbt/sbt/1.4.4/zinc-lm-integration_2.12-1.4.4.jar",
            "/mnt/c/Users/FabrizioColonna/.sbt/boot/scala-2.12.12/org.scala-sbt/sbt/1.4.4/zinc-persist-core-assembly-1.4.3.jar",
            "/mnt/c/Users/FabrizioColonna/.sbt/boot/scala-2.12.12/org.scala-sbt/sbt/1.4.4/zinc-persist_2.12-1.4.3.jar",
            "/mnt/c/Users/FabrizioColonna/.sbt/boot/scala-2.12.12/org.scala-sbt/sbt/1.4.4/zinc_2.12-1.4.3.jar"
        ],
        "out": "/mnt/c/Users/FabrizioColonna/Desktop/hackaton/analyze/project/project/.bloop/analyze-build-build",
        "classesDir": "/mnt/c/Users/FabrizioColonna/Desktop/hackaton/analyze/project/project/.bloop/analyze-build-build/scala-2.12/sbt-1.0/classes",
        "resources": [
            "/mnt/c/Users/FabrizioColonna/Desktop/hackaton/analyze/project/project/src/main/resources",
            "/mnt/c/Users/FabrizioColonna/Desktop/hackaton/analyze/project/project/target/scala-2.12/sbt-1.0/resource_managed/main"
        ],
        "scala": {
            "organization": "org.scala-lang",
            "name": "scala-compiler",
            "version": "2.12.12",
            "options": [
                "-deprecation"
            ],
            "jars": [
                "/mnt/c/Users/FabrizioColonna/.sbt/boot/scala-2.12.12/lib/jansi.jar",
                "/mnt/c/Users/FabrizioColonna/.sbt/boot/scala-2.12.12/lib/jline.jar",
                "/mnt/c/Users/FabrizioColonna/.sbt/boot/scala-2.12.12/lib/scala-compiler.jar",
                "/mnt/c/Users/FabrizioColonna/.sbt/boot/scala-2.12.12/lib/scala-library.jar",
                "/mnt/c/Users/FabrizioColonna/.sbt/boot/scala-2.12.12/lib/scala-reflect.jar",
                "/mnt/c/Users/FabrizioColonna/.sbt/boot/scala-2.12.12/lib/scala-xml_2.12.jar"
            ],
            "analysis": "/mnt/c/Users/FabrizioColonna/Desktop/hackaton/analyze/project/project/target/streams/compile/bloopAnalysisOut/_global/streams/inc_compile_2.12.zip",
            "setup": {
                "order": "mixed",
                "addLibraryToBootClasspath": true,
                "addCompilerToClasspath": false,
                "addExtraJarsToClasspath": false,
                "manageBootClasspath": true,
                "filterLibraryFromClasspath": true
            }
        },
        "java": {
            "options": [
                
            ]
        },
        "sbt": {
            "sbtVersion": "1.4.4",
            "autoImports": [
                "import _root_.scala.xml.{TopScope=>$scope}",
                "import _root_.sbt._",
                "import _root_.sbt.Keys._",
                "import _root_.sbt.nio.Keys._",
                "import _root_.sbt.ScriptedPlugin.autoImport._, _root_.sbt.plugins.MiniDependencyTreePlugin.autoImport._, _root_.bloop.integrations.sbt.BloopPlugin.autoImport._",
                "import _root_.sbt.plugins.IvyPlugin, _root_.sbt.plugins.JvmPlugin, _root_.sbt.plugins.CorePlugin, _root_.sbt.ScriptedPlugin, _root_.sbt.plugins.SbtPlugin, _root_.sbt.plugins.SemanticdbPlugin, _root_.sbt.plugins.JUnitXmlReportPlugin, _root_.sbt.plugins.Giter8TemplatePlugin, _root_.sbt.plugins.MiniDependencyTreePlugin, _root_.bloop.integrations.sbt.BloopPlugin"
            ]
        },
        "test": {
            "frameworks": [
                {
                    "names": [
                        "org.scalacheck.ScalaCheckFramework"
                    ]
                },
                {
                    "names": [
                        "org.specs2.runner.Specs2Framework",
                        "org.specs2.runner.SpecsFramework"
                    ]
                },
                {
                    "names": [
                        "org.specs.runner.SpecsFramework"
                    ]
                },
                {
                    "names": [
                        "org.scalatest.tools.Framework",
                        "org.scalatest.tools.ScalaTestFramework"
                    ]
                },
                {
                    "names": [
                        "com.novocode.junit.JUnitFramework"
                    ]
                }
            ],
            "options": {
                "excludes": [
                    
                ],
                "arguments": [
                    
                ]
            }
        },
        "platform": {
            "name": "jvm",
            "config": {
                "home": "/usr/lib/jvm/java-8-oracle/jre",
                "options": [
                    "-Duser.dir=/mnt/c/Users/FabrizioColonna/Desktop/hackaton/analyze/project/project"
                ]
            },
            "mainClass": [
                
            ]
        },
        "resolution": {
            "modules": [
                {
                    "organization": "ch.epfl.scala",
                    "name": "sbt-bloop",
                    "version": "1.4.5-6-4768184c",
                    "configurations": "default",
                    "artifacts": [
                        {
                            "name": "sbt-bloop",
                            "path": "/mnt/c/Users/FabrizioColonna/.cache/coursier/v1/https/repo1.maven.org/maven2/ch/epfl/scala/sbt-bloop_2.12_1.0/1.4.5-6-4768184c/sbt-bloop-1.4.5-6-4768184c.jar"
                        }
                    ]
                },
                {
                    "organization": "net.java.dev.jna",
                    "name": "jna",
                    "version": "4.5.0",
                    "configurations": "default",
                    "artifacts": [
                        {
                            "name": "jna",
                            "path": "/mnt/c/Users/FabrizioColonna/.cache/coursier/v1/https/repo1.maven.org/maven2/net/java/dev/jna/jna/4.5.0/jna-4.5.0.jar"
                        }
                    ]
                },
                {
                    "organization": "net.java.dev.jna",
                    "name": "jna-platform",
                    "version": "4.5.0",
                    "configurations": "default",
                    "artifacts": [
                        {
                            "name": "jna-platform",
                            "path": "/mnt/c/Users/FabrizioColonna/.cache/coursier/v1/https/repo1.maven.org/maven2/net/java/dev/jna/jna-platform/4.5.0/jna-platform-4.5.0.jar"
                        }
                    ]
                },
                {
                    "organization": "com.google.code.gson",
                    "name": "gson",
                    "version": "2.7",
                    "configurations": "default",
                    "artifacts": [
                        {
                            "name": "gson",
                            "path": "/mnt/c/Users/FabrizioColonna/.cache/coursier/v1/https/repo1.maven.org/maven2/com/google/code/gson/gson/2.7/gson-2.7.jar"
                        }
                    ]
                },
                {
                    "organization": "com.google.code.findbugs",
                    "name": "jsr305",
                    "version": "3.0.2",
                    "configurations": "default",
                    "artifacts": [
                        {
                            "name": "jsr305",
                            "path": "/mnt/c/Users/FabrizioColonna/.cache/coursier/v1/https/repo1.maven.org/maven2/com/google/code/findbugs/jsr305/3.0.2/jsr305-3.0.2.jar"
                        }
                    ]
                },
                {
                    "organization": "org.scala-lang",
                    "name": "scala-library",
                    "version": "2.12.12",
                    "configurations": "default",
                    "artifacts": [
                        {
                            "name": "scala-library",
                            "path": "/mnt/c/Users/FabrizioColonna/.sbt/boot/scala-2.12.12/lib/scala-library.jar"
                        }
                    ]
                },
                {
                    "organization": "org.scala-lang",
                    "name": "scala-compiler",
                    "version": "2.12.12",
                    "configurations": "default",
                    "artifacts": [
                        {
                            "name": "scala-compiler",
                            "path": "/mnt/c/Users/FabrizioColonna/.sbt/boot/scala-2.12.12/lib/scala-compiler.jar"
                        }
                    ]
                },
                {
                    "organization": "org.scala-lang",
                    "name": "scala-compiler",
                    "version": "2.12.12",
                    "configurations": "optional",
                    "artifacts": [
                        {
                            "name": "scala-compiler",
                            "path": "/mnt/c/Users/FabrizioColonna/.sbt/boot/scala-2.12.12/lib/scala-compiler.jar"
                        }
                    ]
                },
                {
                    "organization": "org.scala-lang",
                    "name": "scala-library",
                    "version": "2.12.12",
                    "configurations": "optional",
                    "artifacts": [
                        {
                            "name": "scala-library",
                            "path": "/mnt/c/Users/FabrizioColonna/.sbt/boot/scala-2.12.12/lib/scala-library.jar"
                        }
                    ]
                },
                {
                    "organization": "org.scala-lang",
                    "name": "scala-reflect",
                    "version": "2.12.12",
                    "configurations": "default",
                    "artifacts": [
                        {
                            "name": "scala-reflect",
                            "path": "/mnt/c/Users/FabrizioColonna/.sbt/boot/scala-2.12.12/lib/scala-reflect.jar"
                        }
                    ]
                }
            ]
        },
        "tags": [
            "library"
        ]
    }
}