{
    "version": "1.4.0",
    "project": {
        "name": "root",
        "directory": "C:\\Users\\FabrizioColonna\\Desktop\\hackaton\\analyze",
        "workspaceDir": "C:\\Users\\FabrizioColonna\\Desktop\\hackaton\\analyze",
        "sources": [
            "C:\\Users\\FabrizioColonna\\Desktop\\hackaton\\analyze\\src\\main\\scala",
            "C:\\Users\\FabrizioColonna\\Desktop\\hackaton\\analyze\\src\\main\\scala-2.13",
            "C:\\Users\\FabrizioColonna\\Desktop\\hackaton\\analyze\\src\\main\\scala-2",
            "C:\\Users\\FabrizioColonna\\Desktop\\hackaton\\analyze\\src\\main\\java",
            "C:\\Users\\FabrizioColonna\\Desktop\\hackaton\\analyze\\target\\scala-2.13\\src_managed\\main"
        ],
        "dependencies": [
            
        ],
        "classpath": [
            "C:\\Users\\FabrizioColonna\\AppData\\Local\\Coursier\\cache\\v1\\https\\repo1.maven.org\\maven2\\org\\scala-lang\\scala-library\\2.13.3\\scala-library-2.13.3.jar",
            "C:\\Users\\FabrizioColonna\\AppData\\Local\\Coursier\\cache\\v1\\https\\repo1.maven.org\\maven2\\com\\madgag\\scala-git\\scala-git_2.13\\4.3\\scala-git_2.13-4.3.jar",
            "C:\\Users\\FabrizioColonna\\AppData\\Local\\Coursier\\cache\\v1\\https\\repo1.maven.org\\maven2\\com\\sksamuel\\elastic4s\\elastic4s-client-esjava_2.13\\7.9.2\\elastic4s-client-esjava_2.13-7.9.2.jar",
            "C:\\Users\\FabrizioColonna\\AppData\\Local\\Coursier\\cache\\v1\\https\\repo1.maven.org\\maven2\\org\\eclipse\\jgit\\org.eclipse.jgit\\5.10.0.202012080955-r\\org.eclipse.jgit-5.10.0.202012080955-r.jar",
            "C:\\Users\\FabrizioColonna\\AppData\\Local\\Coursier\\cache\\v1\\https\\repo1.maven.org\\maven2\\org\\typelevel\\cats-core_2.13\\2.3.0\\cats-core_2.13-2.3.0.jar",
            "C:\\Users\\FabrizioColonna\\AppData\\Local\\Coursier\\cache\\v1\\https\\repo1.maven.org\\maven2\\org\\typelevel\\cats-effect_2.13\\2.3.0\\cats-effect_2.13-2.3.0.jar",
            "C:\\Users\\FabrizioColonna\\AppData\\Local\\Coursier\\cache\\v1\\https\\repo1.maven.org\\maven2\\org\\typelevel\\cats-kernel_2.13\\2.3.0\\cats-kernel_2.13-2.3.0.jar",
            "C:\\Users\\FabrizioColonna\\AppData\\Local\\Coursier\\cache\\v1\\https\\repo1.maven.org\\maven2\\com\\sksamuel\\elastic4s\\elastic4s-core_2.13\\7.9.2\\elastic4s-core_2.13-7.9.2.jar",
            "C:\\Users\\FabrizioColonna\\AppData\\Local\\Coursier\\cache\\v1\\https\\repo1.maven.org\\maven2\\com\\sksamuel\\exts\\exts_2.13\\1.61.1\\exts_2.13-1.61.1.jar",
            "C:\\Users\\FabrizioColonna\\AppData\\Local\\Coursier\\cache\\v1\\https\\repo1.maven.org\\maven2\\org\\slf4j\\slf4j-api\\1.7.30\\slf4j-api-1.7.30.jar",
            "C:\\Users\\FabrizioColonna\\AppData\\Local\\Coursier\\cache\\v1\\https\\repo1.maven.org\\maven2\\org\\elasticsearch\\client\\elasticsearch-rest-client\\7.9.3\\elasticsearch-rest-client-7.9.3.jar",
            "C:\\Users\\FabrizioColonna\\AppData\\Local\\Coursier\\cache\\v1\\https\\repo1.maven.org\\maven2\\com\\fasterxml\\jackson\\core\\jackson-core\\2.11.3\\jackson-core-2.11.3.jar",
            "C:\\Users\\FabrizioColonna\\AppData\\Local\\Coursier\\cache\\v1\\https\\repo1.maven.org\\maven2\\com\\fasterxml\\jackson\\core\\jackson-databind\\2.11.3\\jackson-databind-2.11.3.jar",
            "C:\\Users\\FabrizioColonna\\AppData\\Local\\Coursier\\cache\\v1\\https\\repo1.maven.org\\maven2\\com\\fasterxml\\jackson\\module\\jackson-module-scala_2.13\\2.11.3\\jackson-module-scala_2.13-2.11.3.jar",
            "C:\\Users\\FabrizioColonna\\AppData\\Local\\Coursier\\cache\\v1\\https\\repo1.maven.org\\maven2\\com\\googlecode\\javaewah\\JavaEWAH\\1.1.7\\JavaEWAH-1.1.7.jar",
            "C:\\Users\\FabrizioColonna\\AppData\\Local\\Coursier\\cache\\v1\\https\\repo1.maven.org\\maven2\\org\\typelevel\\simulacrum-scalafix-annotations_2.13\\0.5.1\\simulacrum-scalafix-annotations_2.13-0.5.1.jar",
            "C:\\Users\\FabrizioColonna\\AppData\\Local\\Coursier\\cache\\v1\\https\\repo1.maven.org\\maven2\\org\\scala-lang\\scala-reflect\\2.13.3\\scala-reflect-2.13.3.jar",
            "C:\\Users\\FabrizioColonna\\AppData\\Local\\Coursier\\cache\\v1\\https\\repo1.maven.org\\maven2\\com\\typesafe\\config\\1.3.0\\config-1.3.0.jar",
            "C:\\Users\\FabrizioColonna\\AppData\\Local\\Coursier\\cache\\v1\\https\\repo1.maven.org\\maven2\\org\\apache\\httpcomponents\\httpclient\\4.5.10\\httpclient-4.5.10.jar",
            "C:\\Users\\FabrizioColonna\\AppData\\Local\\Coursier\\cache\\v1\\https\\repo1.maven.org\\maven2\\org\\apache\\httpcomponents\\httpcore\\4.4.12\\httpcore-4.4.12.jar",
            "C:\\Users\\FabrizioColonna\\AppData\\Local\\Coursier\\cache\\v1\\https\\repo1.maven.org\\maven2\\org\\apache\\httpcomponents\\httpasyncclient\\4.1.4\\httpasyncclient-4.1.4.jar",
            "C:\\Users\\FabrizioColonna\\AppData\\Local\\Coursier\\cache\\v1\\https\\repo1.maven.org\\maven2\\org\\apache\\httpcomponents\\httpcore-nio\\4.4.12\\httpcore-nio-4.4.12.jar",
            "C:\\Users\\FabrizioColonna\\AppData\\Local\\Coursier\\cache\\v1\\https\\repo1.maven.org\\maven2\\commons-codec\\commons-codec\\1.11\\commons-codec-1.11.jar",
            "C:\\Users\\FabrizioColonna\\AppData\\Local\\Coursier\\cache\\v1\\https\\repo1.maven.org\\maven2\\commons-logging\\commons-logging\\1.1.3\\commons-logging-1.1.3.jar",
            "C:\\Users\\FabrizioColonna\\AppData\\Local\\Coursier\\cache\\v1\\https\\repo1.maven.org\\maven2\\com\\fasterxml\\jackson\\core\\jackson-annotations\\2.11.3\\jackson-annotations-2.11.3.jar",
            "C:\\Users\\FabrizioColonna\\AppData\\Local\\Coursier\\cache\\v1\\https\\repo1.maven.org\\maven2\\com\\fasterxml\\jackson\\module\\jackson-module-paranamer\\2.11.3\\jackson-module-paranamer-2.11.3.jar",
            "C:\\Users\\FabrizioColonna\\AppData\\Local\\Coursier\\cache\\v1\\https\\repo1.maven.org\\maven2\\com\\thoughtworks\\paranamer\\paranamer\\2.8\\paranamer-2.8.jar"
        ],
        "out": "C:\\Users\\FabrizioColonna\\Desktop\\hackaton\\analyze\\.bloop\\root",
        "classesDir": "C:\\Users\\FabrizioColonna\\Desktop\\hackaton\\analyze\\.bloop\\root\\scala-2.13\\classes",
        "resources": [
            "C:\\Users\\FabrizioColonna\\Desktop\\hackaton\\analyze\\src\\main\\resources",
            "C:\\Users\\FabrizioColonna\\Desktop\\hackaton\\analyze\\target\\scala-2.13\\resource_managed\\main"
        ],
        "scala": {
            "organization": "org.scala-lang",
            "name": "scala-compiler",
            "version": "2.13.3",
            "options": [
                
            ],
            "jars": [
                "C:\\Users\\FabrizioColonna\\AppData\\Local\\Coursier\\cache\\v1\\https\\repo1.maven.org\\maven2\\org\\scala-lang\\scala-compiler\\2.13.3\\scala-compiler-2.13.3.jar",
                "C:\\Users\\FabrizioColonna\\AppData\\Local\\Coursier\\cache\\v1\\https\\repo1.maven.org\\maven2\\org\\scala-lang\\scala-library\\2.13.3\\scala-library-2.13.3.jar",
                "C:\\Users\\FabrizioColonna\\AppData\\Local\\Coursier\\cache\\v1\\https\\repo1.maven.org\\maven2\\org\\scala-lang\\scala-reflect\\2.13.3\\scala-reflect-2.13.3.jar",
                "C:\\Users\\FabrizioColonna\\AppData\\Local\\Coursier\\cache\\v1\\https\\repo1.maven.org\\maven2\\org\\jline\\jline\\3.15.0\\jline-3.15.0.jar",
                "C:\\Users\\FabrizioColonna\\AppData\\Local\\Coursier\\cache\\v1\\https\\repo1.maven.org\\maven2\\net\\java\\dev\\jna\\jna\\5.3.1\\jna-5.3.1.jar"
            ],
            "analysis": "C:\\Users\\FabrizioColonna\\Desktop\\hackaton\\analyze\\target\\streams\\compile\\bloopAnalysisOut\\_global\\streams\\inc_compile_2.13.zip",
            "setup": {
                "order": "mixed",
                "addLibraryToBootClasspath": true,
                "addCompilerToClasspath": false,
                "addExtraJarsToClasspath": false,
                "manageBootClasspath": true,
                "filterLibraryFromClasspath": true
            }
        },
        "java": {
            "options": [
                
            ]
        },
        "test": {
            "frameworks": [
                {
                    "names": [
                        "org.scalacheck.ScalaCheckFramework"
                    ]
                },
                {
                    "names": [
                        "org.specs2.runner.Specs2Framework",
                        "org.specs2.runner.SpecsFramework"
                    ]
                },
                {
                    "names": [
                        "org.specs.runner.SpecsFramework"
                    ]
                },
                {
                    "names": [
                        "org.scalatest.tools.Framework",
                        "org.scalatest.tools.ScalaTestFramework"
                    ]
                },
                {
                    "names": [
                        "com.novocode.junit.JUnitFramework"
                    ]
                }
            ],
            "options": {
                "excludes": [
                    
                ],
                "arguments": [
                    
                ]
            }
        },
        "platform": {
            "name": "jvm",
            "config": {
                "home": "C:\\Program Files\\Java\\jdk1.8.0_231\\jre",
                "options": [
                    "-Duser.dir=C:\\Users\\FabrizioColonna\\Desktop\\hackaton\\analyze"
                ]
            },
            "mainClass": [
                
            ]
        },
        "resolution": {
            "modules": [
                {
                    "organization": "org.scala-lang",
                    "name": "scala-library",
                    "version": "2.13.3",
                    "configurations": "default",
                    "artifacts": [
                        {
                            "name": "scala-library",
                            "path": "C:\\Users\\FabrizioColonna\\AppData\\Local\\Coursier\\cache\\v1\\https\\repo1.maven.org\\maven2\\org\\scala-lang\\scala-library\\2.13.3\\scala-library-2.13.3.jar"
                        },
                        {
                            "name": "scala-library",
                            "classifier": "sources",
                            "path": "C:\\Users\\FabrizioColonna\\AppData\\Local\\Coursier\\cache\\v1\\https\\repo1.maven.org\\maven2\\org\\scala-lang\\scala-library\\2.13.3\\scala-library-2.13.3-sources.jar"
                        }
                    ]
                },
                {
                    "organization": "com.madgag.scala-git",
                    "name": "scala-git_2.13",
                    "version": "4.3",
                    "configurations": "default",
                    "artifacts": [
                        {
                            "name": "scala-git_2.13",
                            "path": "C:\\Users\\FabrizioColonna\\AppData\\Local\\Coursier\\cache\\v1\\https\\repo1.maven.org\\maven2\\com\\madgag\\scala-git\\scala-git_2.13\\4.3\\scala-git_2.13-4.3.jar"
                        },
                        {
                            "name": "scala-git_2.13",
                            "classifier": "sources",
                            "path": "C:\\Users\\FabrizioColonna\\AppData\\Local\\Coursier\\cache\\v1\\https\\repo1.maven.org\\maven2\\com\\madgag\\scala-git\\scala-git_2.13\\4.3\\scala-git_2.13-4.3-sources.jar"
                        }
                    ]
                },
                {
                    "organization": "com.sksamuel.elastic4s",
                    "name": "elastic4s-client-esjava_2.13",
                    "version": "7.9.2",
                    "configurations": "default",
                    "artifacts": [
                        {
                            "name": "elastic4s-client-esjava_2.13",
                            "path": "C:\\Users\\FabrizioColonna\\AppData\\Local\\Coursier\\cache\\v1\\https\\repo1.maven.org\\maven2\\com\\sksamuel\\elastic4s\\elastic4s-client-esjava_2.13\\7.9.2\\elastic4s-client-esjava_2.13-7.9.2.jar"
                        },
                        {
                            "name": "elastic4s-client-esjava_2.13",
                            "classifier": "sources",
                            "path": "C:\\Users\\FabrizioColonna\\AppData\\Local\\Coursier\\cache\\v1\\https\\repo1.maven.org\\maven2\\com\\sksamuel\\elastic4s\\elastic4s-client-esjava_2.13\\7.9.2\\elastic4s-client-esjava_2.13-7.9.2-sources.jar"
                        }
                    ]
                },
                {
                    "organization": "org.eclipse.jgit",
                    "name": "org.eclipse.jgit",
                    "version": "5.10.0.202012080955-r",
                    "configurations": "default",
                    "artifacts": [
                        {
                            "name": "org.eclipse.jgit",
                            "path": "C:\\Users\\FabrizioColonna\\AppData\\Local\\Coursier\\cache\\v1\\https\\repo1.maven.org\\maven2\\org\\eclipse\\jgit\\org.eclipse.jgit\\5.10.0.202012080955-r\\org.eclipse.jgit-5.10.0.202012080955-r.jar"
                        },
                        {
                            "name": "org.eclipse.jgit",
                            "classifier": "sources",
                            "path": "C:\\Users\\FabrizioColonna\\AppData\\Local\\Coursier\\cache\\v1\\https\\repo1.maven.org\\maven2\\org\\eclipse\\jgit\\org.eclipse.jgit\\5.10.0.202012080955-r\\org.eclipse.jgit-5.10.0.202012080955-r-sources.jar"
                        }
                    ]
                },
                {
                    "organization": "org.typelevel",
                    "name": "cats-core_2.13",
                    "version": "2.3.0",
                    "configurations": "default",
                    "artifacts": [
                        {
                            "name": "cats-core_2.13",
                            "path": "C:\\Users\\FabrizioColonna\\AppData\\Local\\Coursier\\cache\\v1\\https\\repo1.maven.org\\maven2\\org\\typelevel\\cats-core_2.13\\2.3.0\\cats-core_2.13-2.3.0.jar"
                        },
                        {
                            "name": "cats-core_2.13",
                            "classifier": "sources",
                            "path": "C:\\Users\\FabrizioColonna\\AppData\\Local\\Coursier\\cache\\v1\\https\\repo1.maven.org\\maven2\\org\\typelevel\\cats-core_2.13\\2.3.0\\cats-core_2.13-2.3.0-sources.jar"
                        }
                    ]
                },
                {
                    "organization": "org.typelevel",
                    "name": "cats-effect_2.13",
                    "version": "2.3.0",
                    "configurations": "default",
                    "artifacts": [
                        {
                            "name": "cats-effect_2.13",
                            "path": "C:\\Users\\FabrizioColonna\\AppData\\Local\\Coursier\\cache\\v1\\https\\repo1.maven.org\\maven2\\org\\typelevel\\cats-effect_2.13\\2.3.0\\cats-effect_2.13-2.3.0.jar"
                        },
                        {
                            "name": "cats-effect_2.13",
                            "classifier": "sources",
                            "path": "C:\\Users\\FabrizioColonna\\AppData\\Local\\Coursier\\cache\\v1\\https\\repo1.maven.org\\maven2\\org\\typelevel\\cats-effect_2.13\\2.3.0\\cats-effect_2.13-2.3.0-sources.jar"
                        }
                    ]
                },
                {
                    "organization": "org.typelevel",
                    "name": "cats-kernel_2.13",
                    "version": "2.3.0",
                    "configurations": "default",
                    "artifacts": [
                        {
                            "name": "cats-kernel_2.13",
                            "path": "C:\\Users\\FabrizioColonna\\AppData\\Local\\Coursier\\cache\\v1\\https\\repo1.maven.org\\maven2\\org\\typelevel\\cats-kernel_2.13\\2.3.0\\cats-kernel_2.13-2.3.0.jar"
                        },
                        {
                            "name": "cats-kernel_2.13",
                            "classifier": "sources",
                            "path": "C:\\Users\\FabrizioColonna\\AppData\\Local\\Coursier\\cache\\v1\\https\\repo1.maven.org\\maven2\\org\\typelevel\\cats-kernel_2.13\\2.3.0\\cats-kernel_2.13-2.3.0-sources.jar"
                        }
                    ]
                },
                {
                    "organization": "com.sksamuel.elastic4s",
                    "name": "elastic4s-core_2.13",
                    "version": "7.9.2",
                    "configurations": "default",
                    "artifacts": [
                        {
                            "name": "elastic4s-core_2.13",
                            "path": "C:\\Users\\FabrizioColonna\\AppData\\Local\\Coursier\\cache\\v1\\https\\repo1.maven.org\\maven2\\com\\sksamuel\\elastic4s\\elastic4s-core_2.13\\7.9.2\\elastic4s-core_2.13-7.9.2.jar"
                        },
                        {
                            "name": "elastic4s-core_2.13",
                            "classifier": "sources",
                            "path": "C:\\Users\\FabrizioColonna\\AppData\\Local\\Coursier\\cache\\v1\\https\\repo1.maven.org\\maven2\\com\\sksamuel\\elastic4s\\elastic4s-core_2.13\\7.9.2\\elastic4s-core_2.13-7.9.2-sources.jar"
                        }
                    ]
                },
                {
                    "organization": "com.sksamuel.exts",
                    "name": "exts_2.13",
                    "version": "1.61.1",
                    "configurations": "default",
                    "artifacts": [
                        {
                            "name": "exts_2.13",
                            "path": "C:\\Users\\FabrizioColonna\\AppData\\Local\\Coursier\\cache\\v1\\https\\repo1.maven.org\\maven2\\com\\sksamuel\\exts\\exts_2.13\\1.61.1\\exts_2.13-1.61.1.jar"
                        },
                        {
                            "name": "exts_2.13",
                            "classifier": "sources",
                            "path": "C:\\Users\\FabrizioColonna\\AppData\\Local\\Coursier\\cache\\v1\\https\\repo1.maven.org\\maven2\\com\\sksamuel\\exts\\exts_2.13\\1.61.1\\exts_2.13-1.61.1-sources.jar"
                        }
                    ]
                },
                {
                    "organization": "org.slf4j",
                    "name": "slf4j-api",
                    "version": "1.7.30",
                    "configurations": "default",
                    "artifacts": [
                        {
                            "name": "slf4j-api",
                            "path": "C:\\Users\\FabrizioColonna\\AppData\\Local\\Coursier\\cache\\v1\\https\\repo1.maven.org\\maven2\\org\\slf4j\\slf4j-api\\1.7.30\\slf4j-api-1.7.30.jar"
                        },
                        {
                            "name": "slf4j-api",
                            "classifier": "sources",
                            "path": "C:\\Users\\FabrizioColonna\\AppData\\Local\\Coursier\\cache\\v1\\https\\repo1.maven.org\\maven2\\org\\slf4j\\slf4j-api\\1.7.30\\slf4j-api-1.7.30-sources.jar"
                        }
                    ]
                },
                {
                    "organization": "org.elasticsearch.client",
                    "name": "elasticsearch-rest-client",
                    "version": "7.9.3",
                    "configurations": "default",
                    "artifacts": [
                        {
                            "name": "elasticsearch-rest-client",
                            "path": "C:\\Users\\FabrizioColonna\\AppData\\Local\\Coursier\\cache\\v1\\https\\repo1.maven.org\\maven2\\org\\elasticsearch\\client\\elasticsearch-rest-client\\7.9.3\\elasticsearch-rest-client-7.9.3.jar"
                        },
                        {
                            "name": "elasticsearch-rest-client",
                            "classifier": "sources",
                            "path": "C:\\Users\\FabrizioColonna\\AppData\\Local\\Coursier\\cache\\v1\\https\\repo1.maven.org\\maven2\\org\\elasticsearch\\client\\elasticsearch-rest-client\\7.9.3\\elasticsearch-rest-client-7.9.3-sources.jar"
                        }
                    ]
                },
                {
                    "organization": "com.fasterxml.jackson.core",
                    "name": "jackson-core",
                    "version": "2.11.3",
                    "configurations": "default",
                    "artifacts": [
                        {
                            "name": "jackson-core",
                            "path": "C:\\Users\\FabrizioColonna\\AppData\\Local\\Coursier\\cache\\v1\\https\\repo1.maven.org\\maven2\\com\\fasterxml\\jackson\\core\\jackson-core\\2.11.3\\jackson-core-2.11.3.jar"
                        },
                        {
                            "name": "jackson-core",
                            "classifier": "sources",
                            "path": "C:\\Users\\FabrizioColonna\\AppData\\Local\\Coursier\\cache\\v1\\https\\repo1.maven.org\\maven2\\com\\fasterxml\\jackson\\core\\jackson-core\\2.11.3\\jackson-core-2.11.3-sources.jar"
                        }
                    ]
                },
                {
                    "organization": "com.fasterxml.jackson.core",
                    "name": "jackson-databind",
                    "version": "2.11.3",
                    "configurations": "default",
                    "artifacts": [
                        {
                            "name": "jackson-databind",
                            "path": "C:\\Users\\FabrizioColonna\\AppData\\Local\\Coursier\\cache\\v1\\https\\repo1.maven.org\\maven2\\com\\fasterxml\\jackson\\core\\jackson-databind\\2.11.3\\jackson-databind-2.11.3.jar"
                        },
                        {
                            "name": "jackson-databind",
                            "classifier": "sources",
                            "path": "C:\\Users\\FabrizioColonna\\AppData\\Local\\Coursier\\cache\\v1\\https\\repo1.maven.org\\maven2\\com\\fasterxml\\jackson\\core\\jackson-databind\\2.11.3\\jackson-databind-2.11.3-sources.jar"
                        }
                    ]
                },
                {
                    "organization": "com.fasterxml.jackson.module",
                    "name": "jackson-module-scala_2.13",
                    "version": "2.11.3",
                    "configurations": "default",
                    "artifacts": [
                        {
                            "name": "jackson-module-scala_2.13",
                            "path": "C:\\Users\\FabrizioColonna\\AppData\\Local\\Coursier\\cache\\v1\\https\\repo1.maven.org\\maven2\\com\\fasterxml\\jackson\\module\\jackson-module-scala_2.13\\2.11.3\\jackson-module-scala_2.13-2.11.3.jar"
                        },
                        {
                            "name": "jackson-module-scala_2.13",
                            "classifier": "sources",
                            "path": "C:\\Users\\FabrizioColonna\\AppData\\Local\\Coursier\\cache\\v1\\https\\repo1.maven.org\\maven2\\com\\fasterxml\\jackson\\module\\jackson-module-scala_2.13\\2.11.3\\jackson-module-scala_2.13-2.11.3-sources.jar"
                        }
                    ]
                },
                {
                    "organization": "com.googlecode.javaewah",
                    "name": "JavaEWAH",
                    "version": "1.1.7",
                    "configurations": "default",
                    "artifacts": [
                        {
                            "name": "JavaEWAH",
                            "path": "C:\\Users\\FabrizioColonna\\AppData\\Local\\Coursier\\cache\\v1\\https\\repo1.maven.org\\maven2\\com\\googlecode\\javaewah\\JavaEWAH\\1.1.7\\JavaEWAH-1.1.7.jar"
                        },
                        {
                            "name": "JavaEWAH",
                            "classifier": "sources",
                            "path": "C:\\Users\\FabrizioColonna\\AppData\\Local\\Coursier\\cache\\v1\\https\\repo1.maven.org\\maven2\\com\\googlecode\\javaewah\\JavaEWAH\\1.1.7\\JavaEWAH-1.1.7-sources.jar"
                        }
                    ]
                },
                {
                    "organization": "org.typelevel",
                    "name": "simulacrum-scalafix-annotations_2.13",
                    "version": "0.5.1",
                    "configurations": "default",
                    "artifacts": [
                        {
                            "name": "simulacrum-scalafix-annotations_2.13",
                            "path": "C:\\Users\\FabrizioColonna\\AppData\\Local\\Coursier\\cache\\v1\\https\\repo1.maven.org\\maven2\\org\\typelevel\\simulacrum-scalafix-annotations_2.13\\0.5.1\\simulacrum-scalafix-annotations_2.13-0.5.1.jar"
                        },
                        {
                            "name": "simulacrum-scalafix-annotations_2.13",
                            "classifier": "sources",
                            "path": "C:\\Users\\FabrizioColonna\\AppData\\Local\\Coursier\\cache\\v1\\https\\repo1.maven.org\\maven2\\org\\typelevel\\simulacrum-scalafix-annotations_2.13\\0.5.1\\simulacrum-scalafix-annotations_2.13-0.5.1-sources.jar"
                        }
                    ]
                },
                {
                    "organization": "org.scala-lang",
                    "name": "scala-reflect",
                    "version": "2.13.3",
                    "configurations": "default",
                    "artifacts": [
                        {
                            "name": "scala-reflect",
                            "path": "C:\\Users\\FabrizioColonna\\AppData\\Local\\Coursier\\cache\\v1\\https\\repo1.maven.org\\maven2\\org\\scala-lang\\scala-reflect\\2.13.3\\scala-reflect-2.13.3.jar"
                        },
                        {
                            "name": "scala-reflect",
                            "classifier": "sources",
                            "path": "C:\\Users\\FabrizioColonna\\AppData\\Local\\Coursier\\cache\\v1\\https\\repo1.maven.org\\maven2\\org\\scala-lang\\scala-reflect\\2.13.3\\scala-reflect-2.13.3-sources.jar"
                        }
                    ]
                },
                {
                    "organization": "com.typesafe",
                    "name": "config",
                    "version": "1.3.0",
                    "configurations": "default",
                    "artifacts": [
                        {
                            "name": "config",
                            "path": "C:\\Users\\FabrizioColonna\\AppData\\Local\\Coursier\\cache\\v1\\https\\repo1.maven.org\\maven2\\com\\typesafe\\config\\1.3.0\\config-1.3.0.jar"
                        },
                        {
                            "name": "config",
                            "classifier": "sources",
                            "path": "C:\\Users\\FabrizioColonna\\AppData\\Local\\Coursier\\cache\\v1\\https\\repo1.maven.org\\maven2\\com\\typesafe\\config\\1.3.0\\config-1.3.0-sources.jar"
                        }
                    ]
                },
                {
                    "organization": "org.apache.httpcomponents",
                    "name": "httpclient",
                    "version": "4.5.10",
                    "configurations": "default",
                    "artifacts": [
                        {
                            "name": "httpclient",
                            "path": "C:\\Users\\FabrizioColonna\\AppData\\Local\\Coursier\\cache\\v1\\https\\repo1.maven.org\\maven2\\org\\apache\\httpcomponents\\httpclient\\4.5.10\\httpclient-4.5.10.jar"
                        },
                        {
                            "name": "httpclient",
                            "classifier": "sources",
                            "path": "C:\\Users\\FabrizioColonna\\AppData\\Local\\Coursier\\cache\\v1\\https\\repo1.maven.org\\maven2\\org\\apache\\httpcomponents\\httpclient\\4.5.10\\httpclient-4.5.10-sources.jar"
                        }
                    ]
                },
                {
                    "organization": "org.apache.httpcomponents",
                    "name": "httpcore",
                    "version": "4.4.12",
                    "configurations": "default",
                    "artifacts": [
                        {
                            "name": "httpcore",
                            "path": "C:\\Users\\FabrizioColonna\\AppData\\Local\\Coursier\\cache\\v1\\https\\repo1.maven.org\\maven2\\org\\apache\\httpcomponents\\httpcore\\4.4.12\\httpcore-4.4.12.jar"
                        },
                        {
                            "name": "httpcore",
                            "classifier": "sources",
                            "path": "C:\\Users\\FabrizioColonna\\AppData\\Local\\Coursier\\cache\\v1\\https\\repo1.maven.org\\maven2\\org\\apache\\httpcomponents\\httpcore\\4.4.12\\httpcore-4.4.12-sources.jar"
                        }
                    ]
                },
                {
                    "organization": "org.apache.httpcomponents",
                    "name": "httpasyncclient",
                    "version": "4.1.4",
                    "configurations": "default",
                    "artifacts": [
                        {
                            "name": "httpasyncclient",
                            "path": "C:\\Users\\FabrizioColonna\\AppData\\Local\\Coursier\\cache\\v1\\https\\repo1.maven.org\\maven2\\org\\apache\\httpcomponents\\httpasyncclient\\4.1.4\\httpasyncclient-4.1.4.jar"
                        },
                        {
                            "name": "httpasyncclient",
                            "classifier": "sources",
                            "path": "C:\\Users\\FabrizioColonna\\AppData\\Local\\Coursier\\cache\\v1\\https\\repo1.maven.org\\maven2\\org\\apache\\httpcomponents\\httpasyncclient\\4.1.4\\httpasyncclient-4.1.4-sources.jar"
                        }
                    ]
                },
                {
                    "organization": "org.apache.httpcomponents",
                    "name": "httpcore-nio",
                    "version": "4.4.12",
                    "configurations": "default",
                    "artifacts": [
                        {
                            "name": "httpcore-nio",
                            "path": "C:\\Users\\FabrizioColonna\\AppData\\Local\\Coursier\\cache\\v1\\https\\repo1.maven.org\\maven2\\org\\apache\\httpcomponents\\httpcore-nio\\4.4.12\\httpcore-nio-4.4.12.jar"
                        },
                        {
                            "name": "httpcore-nio",
                            "classifier": "sources",
                            "path": "C:\\Users\\FabrizioColonna\\AppData\\Local\\Coursier\\cache\\v1\\https\\repo1.maven.org\\maven2\\org\\apache\\httpcomponents\\httpcore-nio\\4.4.12\\httpcore-nio-4.4.12-sources.jar"
                        }
                    ]
                },
                {
                    "organization": "commons-codec",
                    "name": "commons-codec",
                    "version": "1.11",
                    "configurations": "default",
                    "artifacts": [
                        {
                            "name": "commons-codec",
                            "path": "C:\\Users\\FabrizioColonna\\AppData\\Local\\Coursier\\cache\\v1\\https\\repo1.maven.org\\maven2\\commons-codec\\commons-codec\\1.11\\commons-codec-1.11.jar"
                        },
                        {
                            "name": "commons-codec",
                            "classifier": "sources",
                            "path": "C:\\Users\\FabrizioColonna\\AppData\\Local\\Coursier\\cache\\v1\\https\\repo1.maven.org\\maven2\\commons-codec\\commons-codec\\1.11\\commons-codec-1.11-sources.jar"
                        }
                    ]
                },
                {
                    "organization": "commons-logging",
                    "name": "commons-logging",
                    "version": "1.1.3",
                    "configurations": "default",
                    "artifacts": [
                        {
                            "name": "commons-logging",
                            "path": "C:\\Users\\FabrizioColonna\\AppData\\Local\\Coursier\\cache\\v1\\https\\repo1.maven.org\\maven2\\commons-logging\\commons-logging\\1.1.3\\commons-logging-1.1.3.jar"
                        },
                        {
                            "name": "commons-logging",
                            "classifier": "sources",
                            "path": "C:\\Users\\FabrizioColonna\\AppData\\Local\\Coursier\\cache\\v1\\https\\repo1.maven.org\\maven2\\commons-logging\\commons-logging\\1.1.3\\commons-logging-1.1.3-sources.jar"
                        }
                    ]
                },
                {
                    "organization": "com.fasterxml.jackson.core",
                    "name": "jackson-annotations",
                    "version": "2.11.3",
                    "configurations": "default",
                    "artifacts": [
                        {
                            "name": "jackson-annotations",
                            "path": "C:\\Users\\FabrizioColonna\\AppData\\Local\\Coursier\\cache\\v1\\https\\repo1.maven.org\\maven2\\com\\fasterxml\\jackson\\core\\jackson-annotations\\2.11.3\\jackson-annotations-2.11.3.jar"
                        },
                        {
                            "name": "jackson-annotations",
                            "classifier": "sources",
                            "path": "C:\\Users\\FabrizioColonna\\AppData\\Local\\Coursier\\cache\\v1\\https\\repo1.maven.org\\maven2\\com\\fasterxml\\jackson\\core\\jackson-annotations\\2.11.3\\jackson-annotations-2.11.3-sources.jar"
                        }
                    ]
                },
                {
                    "organization": "com.fasterxml.jackson.module",
                    "name": "jackson-module-paranamer",
                    "version": "2.11.3",
                    "configurations": "default",
                    "artifacts": [
                        {
                            "name": "jackson-module-paranamer",
                            "path": "C:\\Users\\FabrizioColonna\\AppData\\Local\\Coursier\\cache\\v1\\https\\repo1.maven.org\\maven2\\com\\fasterxml\\jackson\\module\\jackson-module-paranamer\\2.11.3\\jackson-module-paranamer-2.11.3.jar"
                        },
                        {
                            "name": "jackson-module-paranamer",
                            "classifier": "sources",
                            "path": "C:\\Users\\FabrizioColonna\\AppData\\Local\\Coursier\\cache\\v1\\https\\repo1.maven.org\\maven2\\com\\fasterxml\\jackson\\module\\jackson-module-paranamer\\2.11.3\\jackson-module-paranamer-2.11.3-sources.jar"
                        }
                    ]
                },
                {
                    "organization": "com.thoughtworks.paranamer",
                    "name": "paranamer",
                    "version": "2.8",
                    "configurations": "default",
                    "artifacts": [
                        {
                            "name": "paranamer",
                            "path": "C:\\Users\\FabrizioColonna\\AppData\\Local\\Coursier\\cache\\v1\\https\\repo1.maven.org\\maven2\\com\\thoughtworks\\paranamer\\paranamer\\2.8\\paranamer-2.8.jar"
                        },
                        {
                            "name": "paranamer",
                            "classifier": "sources",
                            "path": "C:\\Users\\FabrizioColonna\\AppData\\Local\\Coursier\\cache\\v1\\https\\repo1.maven.org\\maven2\\com\\thoughtworks\\paranamer\\paranamer\\2.8\\paranamer-2.8-sources.jar"
                        }
                    ]
                },
                {
                    "organization": "org.scala-lang",
                    "name": "scala-library",
                    "version": "2.13.3",
                    "configurations": "optional",
                    "artifacts": [
                        {
                            "name": "scala-library",
                            "path": "C:\\Users\\FabrizioColonna\\AppData\\Local\\Coursier\\cache\\v1\\https\\repo1.maven.org\\maven2\\org\\scala-lang\\scala-library\\2.13.3\\scala-library-2.13.3.jar"
                        },
                        {
                            "name": "scala-library",
                            "classifier": "sources",
                            "path": "C:\\Users\\FabrizioColonna\\AppData\\Local\\Coursier\\cache\\v1\\https\\repo1.maven.org\\maven2\\org\\scala-lang\\scala-library\\2.13.3\\scala-library-2.13.3-sources.jar"
                        }
                    ]
                }
            ]
        },
        "tags": [
            "library"
        ]
    }
}